Symbol,EntryDate,EntryPrice,Quantity,Rank,Score,System,TrackType
HFCL,2026-06-24,204.77,48,1,116.3105,20-position,Paper
SYRMA,2026-06-24,1424.7,7,2,102.7926,20-position,Paper
WELCORP,2026-06-24,1406.0,7,3,87.2433,20-position,Paper
CPPLUS,2026-06-24,3617.6,2,4,85.5896,20-position,Paper
RRKABEL,2026-06-24,2438.0,4,5,73.7235,20-position,Paper
APARINDS,2026-06-24,16665.0,1,6,68.6511,20-position,Paper
RADICO,2026-08-04,4450.0,2,2,79.1338,20-position,Paper
SONACOMS,2026-08-04,787.0,12,7,65.0304,20-position,Paper
ATHERENERG,2026-08-04,1450.4,6,10,58.0697,20-position,Paper
WELSPUNLIV,2026-10-01,239.17,41,1,79.4404,20-position,Paper
REDINGTON,2026-10-01,397.95,25,2,68.5449,20-position,Paper
AEGISLOG,2026-10-01,1401.1,7,5,45.1975,20-position,Paper
FINCABLES,2026-10-01,1458.8,6,7,42.2947,20-position,Paper
ACE,2026-10-01,1212.3,8,9,41.5687,20-position,Paper
BHEL,2026-10-01,421.0,23,12,38.0063,20-position,Paper
PAYTM,2026-10-01,1656.0,6,13,37.2434,20-position,Paper
CEMPRO,2026-10-01,1178.9,8,14,36.1533,20-position,Paper
TBOTEK,2026-10-01,1671.5,5,15,35.5766,20-position,Paper
ENGINERSIN,2026-10-01,312.75,31,16,35.4674,20-position,Paper
SAREGAMA,2026-10-01,494.75,20,17,34.9082,20-position,Paper
