Symbol,EntryDate,EntryPrice,Quantity,Capital,ExitDate,ExitPrice,PnL,PnL%,DaysHeld,ExitReason,System
J&KBANK,2026-06-24,159.55,62,9892.1,2026-08-04,157.81,-107.88,-1.09,41,Rank dropped to 145,20-position
ADANIGREEN,2026-06-24,1525.4,6,9152.4,2026-08-04,1384.0,-848.4,-9.27,41,Rank dropped to 69,20-position
MAHABANK,2026-06-24,88.53,112,9915.36,2026-08-04,78.42,-1132.32,-11.42,41,Rank dropped to 214,20-position
POLYCAB,2026-06-24,9692.5,1,9692.5,2026-08-04,9176.0,-516.5,-5.33,41,Rank dropped to 119,20-position
ADANIPOWER,2026-06-24,229.76,43,9879.68,2026-08-04,209.95,-851.83,-8.62,41,Rank dropped to 67,20-position
ADANIPORTS,2026-06-24,1813.3,5,9066.5,2026-08-04,1706.7,-533.0,-5.88,41,Rank dropped to 187,20-position
DEEPAKFERT,2026-06-24,1602.7,6,9616.2,2026-10-01,1300.9,-1810.8,-18.83,99,Rank dropped to 147,20-position
ADANIENT,2026-06-24,3069.7,3,9209.1,2026-10-01,2816.8,-758.7,-8.24,99,Rank dropped to 78,20-position
BHARATFORG,2026-06-24,2122.8,4,8491.2,2026-10-01,1875.0,-991.2,-11.67,99,Rank dropped to 208,20-position
ACUTAAS,2026-06-24,3268.6,3,9805.8,2026-10-01,3196.5,-216.3,-2.21,99,Rank dropped to 82,20-position
HONASA,2026-06-24,415.95,24,9982.8,2026-10-01,427.9,286.8,2.87,99,Rank dropped to 104,20-position
SOLARINDS,2026-06-24,17864.0,1,17864.0,2026-10-01,19400.0,1536.0,8.6,99,Rank dropped to 99,20-position
KIRLOSENG,2026-06-24,2563.6,3,7690.8,2026-10-01,2242.7,-962.7,-12.52,99,Rank dropped to 69,20-position
FEDERALBNK,2026-06-24,325.2,30,9756.0,2026-10-01,318.2,-210.0,-2.15,99,Rank dropped to 151,20-position
ADANIENSOL,2026-08-04,1646.0,6,9876.0,2026-10-01,1326.4,-1917.6,-19.42,58,Rank dropped to 124,20-position
NYKAA,2026-08-04,342.5,29,9932.5,2026-10-01,324.95,-508.95,-5.12,58,Rank dropped to 61,20-position
LLOYDSME,2026-08-04,2053.0,4,8212.0,2026-10-01,1776.8,-1104.8,-13.45,58,Rank dropped to 102,20-position
